{"camera_matrix": [[994.937416542004, 0.0, 485.1321967911052], [0.0, 953.8299531054414, 286.16775089034746], [0.0, 0.0, 1.0]], "dist_coeff": [[0.3405896715819284, -1.9104404094366845, 0.001888969898771724, -0.003994478704915184, 3.165614292235705]]}